<?xml version="1.0" encoding="UTF-8" standalone="yes"?>
<addon id="repository.cloudsync" name="CloudSync Repository" version="1.0.4" provider-name="CloudSync">
    <requires>
        <import addon="xbmc.addon" version="12.0.0"/>
    </requires>
    <extension point="xbmc.addon.repository" name="CloudSync Repository">
        <dir>
            <info compressed="false">https://raw.githubusercontent.com/fifthy52/kodi-cloudsync/main/addons.xml</info>
            <checksum>https://raw.githubusercontent.com/fifthy52/kodi-cloudsync/main/addons.xml.md5</checksum>
            <datadir zip="true">https://raw.githubusercontent.com/fifthy52/kodi-cloudsync/main/</datadir>
        </dir>
    </extension>
    <extension point="xbmc.addon.metadata">
        <summary>CloudSync Add-on Repository</summary>
        <description>Official repository for CloudSync addon - comprehensive Kodi syncing solution using Dropbox cloud storage</description>
        <disclaimer></disclaimer>
        <platform>all</platform>
        <assets>
            <icon>icon.png</icon>
            <fanart>fanart.jpg</fanart>
        </assets>
    </extension>
</addon>