<?xml version="1.0" encoding="UTF-8"?>
<addons>
    <addon id="service.cloudsync" name="CloudSync" version="4.2.9" provider-name="CloudSync">
        <requires>
            <import addon="xbmc.python" version="3.0.0"/>
        </requires>
        <extension point="xbmc.service" library="service_v2.py" start="startup"/>
        <extension point="xbmc.addon.metadata">
            <summary>CloudSync - Comprehensive Kodi Sync Solution</summary>
            <description>Synchronize watched status, resume points, favorites, and UserData files across multiple Kodi devices using Dropbox cloud storage. Features simple web-based OAuth2 setup, GZIP compression, and automatic updates via repository.</description>
            <platform>all</platform>
            <language>en</language>
            <license>MIT</license>
            <forum>https://github.com/fifthy52/kodi-cloudsync/discussions</forum>
            <website>https://github.com/fifthy52/kodi-cloudsync</website>
            <source>https://github.com/fifthy52/kodi-cloudsync</source>
            <email></email>
            <news>
v4.2.9 - Fixed workflow version extraction (test)
v4.2.8 - Simplified automated release workflow
v4.2.7 - Added automated repository updates (test release)
v4.2.6 - Optimized sync performance by skipping operations when no changes detected
v4.2.5 - Removed emoji characters for better Kodi compatibility
v4.2.0 - Simplified settings UI, improved repository compatibility, documented favorites limitations
v4.1.3 - Fixed repository schema for Kodi 21+, removed missing assets
v4.1.2 - Fixed dialog overlaps, improved web setup UX
v4.1.0 - Added Simple Web Setup with paste interface
v4.0.0 - Revolutionary web interface for OAuth2 setup
v2.7.0 - Real scannable QR codes for mobile setup
            </news>
        </extension>
    </addon>
</addons>