<?xml version="1.0" encoding="UTF-8" standalone="yes"?>
<addon id="service.cloudsync" name="CloudSync" version="3.2.0" provider-name="CloudSync">
  <requires>
    <import addon="xbmc.python" version="3.0.0"/>
  </requires>
  <extension point="xbmc.service" library="service.py" start="startup" />
  <extension point="xbmc.addon.metadata">
    <summary>CloudSync - Real-time MQTT Sync</summary>
    <description>CloudSync V3 delivers instant synchronization of watched status, resume points, and favorites across multiple Kodi devices using lightweight MQTT messaging. Features real-time updates, HiveMQ Cloud integration, and zero-conflict add-only favorites sync. Note: Favorites are only added automatically - manual removal required on each device.</description>
    <platform>all</platform>
    <language>en</language>
    <license>MIT</license>
    <forum>https://github.com/fifthy52/kodi-cloudsync/discussions</forum>
    <website>https://github.com/fifthy52/kodi-cloudsync</website>
    <source>https://github.com/fifthy52/kodi-cloudsync</source>
    <news>
v3.2.0 - Web Configuration Interface
- Added browser-based MQTT configuration server
- Easy setup without TV remote input for broker settings
- Configurable web server port (default 8090)
- User-friendly interface at http://[kodi-ip]:8090
v3.1.0 - Production-ready release with optimized logging
- Cleaned up verbose debug logs for better readability
- Unified V3 branding across all components
- Fixed device ID consistency issues
v3.0.0 - Add-only favorites sync with anti-loop protection
- Prevents sync wars between devices
- 10-second anti-loop grace period
    </news>
  </extension>
</addon>