<?xml version="1.0" encoding="UTF-8" standalone="yes"?>
<addon id="service.cloudsync" name="CloudSync" version="4.2.5" provider-name="Test">
  <requires>
    <import addon="xbmc.python" version="3.0.0" />
  </requires>
  <extension point="xbmc.service" library="service_v2.py" start="startup" />
  <extension point="xbmc.addon.metadata">
    <summary>CloudSync - Comprehensive Kodi Sync Solution</summary>
    <description>Synchronize watched status, resume points, favorites, UserData files, and addon configurations across multiple Kodi devices using Dropbox cloud storage. Features smart conflict resolution and selective sync options.</description>
    <platform>all</platform>
  </extension>
</addon>