<?xml version="1.0" encoding="UTF-8" standalone="yes"?>
<addon id="service.cloudsync" name="CloudSync" version="4.3.3" provider-name="Test">
  <requires>
    <import addon="xbmc.python" version="3.0.0"/>
  </requires>
  <extension point="xbmc.service" library="service_v2.py" start="startup" />
  <extension point="xbmc.addon.metadata">
    <summary>CloudSync - Comprehensive Kodi Sync Solution</summary>
    <description>Synchronize watched status, resume points, favorites, and UserData files across multiple Kodi devices using Dropbox cloud storage. Features simple web-based OAuth2 setup, GZIP compression, and automatic updates via repository.</description>
    <platform>all</platform>
  </extension>
</addon>